key_point_id,evidence_id_1,evidence_id_2,evidence_id_3,evidence_id_4,evidence_id_5,evidence_1,evidence_2,evidence_3,evidence_4,evidence_5,topic,source_1,source_2,source_3,source_4,source_5,argument,stance,label
kp_4_0,evi_4_1,evi_4_2,evi_4_3,,,"A former student at Hershey High School (Hershey, PA), wrote in her May 31, 2009 oped titled “The Case for High School Uniforms,” published on PennLive.com: “Contrary to popular belief, uniforms do not stop students from being themselves. Uniforms do not silence voices. Students can wear a variety of expressive items, such as buttons or jewelry…","According to research published by Andrea Dashiell, 54% of eighth graders said that they still felt like they could express themselves in important ways even though they were being asked to follow a school uniform policy.",Free speech does not relate to the regulations of clothing type or the length of a skirt. Fashion is not considered to be the purse speech in the United States that the Constitution guarantees.,,,We should abandon the use of school uniform,https://school-uniforms.procon.org/should-students-have-to-wear-school-uniforms-pro-con-quotes/,https://futureofworking.com/10-advantages-and-disadvantages-of-school-uniforms/,https://futureofworking.com/10-advantages-and-disadvantages-of-school-uniforms/,,,Children can still express themselves using other means,-1,1.0
kp_4_8,evi_4_44,evi_4_45,evi_4_47,,,"The people who make up the rules for uniform requirement have false beliefs that the student body will be better because it has to look the same. That sounds more like a post-apocalyptic society in which we are all forced to think the same and have no choices in our lives from the day we are born, similar to novels such as Anthem and Fahrenheit 451.","As Tara Maginnis Ph.D. wrote “school uniforms send early-life messages to students that conformity is important and creativity is not, that authority is allowed to abuse its power and constrain our constitutional right to free speech and expression.",Senior Alyse Madsen said. “Strict dress codes infringe on a students self-expression and make for a dull environment with little creativity.”,,,We should abandon the use of school uniform,https://dvillmann.weebly.com/uploads/2/2/5/1/22512888/school_uniforms_are_destroying_individuality.pdf,https://novakdjokovicfoundation.org/school-uniforms-yes-or-no/,https://chantillynews.org/8545/opinions/dress-codes-affect-student-learning/,,,School uniform harms learning/creativity,1,1.0
kp_4_5,evi_4_27,evi_4_28,evi_4_30,evi_4_31,evi_4_32,"Based on the First Amendment to the U.S. Constitution, the U.S. Supreme Court ruled in 1969 that 'it can hardly be argued that either students or teachers shed their constitutional rights to freedom of speech or expression at the schoolhouse gate.'",One study carried out at Arizona State University confirmed this. It found that students from school without a school uniform policy had a higher self-perception than those from schools which forced students to wear uniforms.,"According to Dr. Alan Hilfer, child psychologist at Maimonides Medical Center in Brooklyn, this may lead to situations in which teenage students start resenting uniforms, undermining the whole purpose of the measure.","To some extent, it runs counter to the freedom of expression protected by the First Amendment (“School dress codes,” 2017).","Robyn Silverman, a child and teenager development specialist, told NBC News' Today show: 'As a body image expert, I hear from students all the time that they feel it (wearing uniforms) allows for a lot of comparison. ... So if you have a body that’s a plus-size body, a curvier body, a very tall body, a very short body, those girls often feel that they don't look their best.'",We should abandon the use of school uniform,https://www.liveabout.com/the-arguments-against-school-uniforms-2101087,https://www.parlia.com/a/uniforms-negatively-affect-students-self-image,https://classroom.synonym.com/expert-negative-effects-school-uniforms-8043408.html,https://ivypanda.com/essays/school-dress-codes-and-self-expression/,https://www.liveabout.com/the-arguments-against-school-uniforms-2101087,School uniform is harming the student's self expression,1,1.0
kp_4_1,evi_4_5,evi_4_6,evi_4_7,evi_4_9,evi_4_10,"According to the long study and governments statistics gathered children are at higher risk if they “are perceived as different from their peers, such as being overweight or underweight, wearing glasses or different clothing, being new to a school, or being unable to afford what kids consider 'cool.'","The Department of Education (DofE) has found increasing evidence that schools which strictly enforce uniform policies experience fewer incidences of bullying, as potential bullies find it harder to identify their targets, who often are those children who do not fit in.","The study, commissioned by Trutex in association with The Diana Award, found nine out of ten teachers (89%) believe school uniforms play an active role in reducing bullying.",Staffordshire Live readers have declared that school uniforms should not be scrapped because poorer families might not be able to afford the latest clothing trends and their children might become the target of bullies.,Research by the Schoolwear Association found that 83% of teachers thought 'a good school uniform… could prevent bullying based on appearance or economic background.',We should abandon the use of school uniform,https://www.ukessays.com/essays/education/why-do-we-wear-school-uniform.php,https://price-buckland.co.uk/blog/does-uniform-really-help-reduce-bullying/,https://www.trutexbtru2u.co.uk/research-shows-wearing-school-uniform-helps-reduce-bullying/,https://www.staffordshire-live.co.uk/news/school-uniforms-prevent-bullying-children-5257799,https://school-uniforms.procon.org/,School uniform reduces bullying,-1,1.0
kp_4_6,evi_4_34,evi_4_35,evi_4_36,evi_4_37,evi_4_38,"The article called ‘ School Uniforms,’ stated 'Many parents may have to make financial sacrifices or rely on financial aid to pay the tuition at a private school. In such cases, expensive uniforms can be viewed as a financial burden that disproportionately affects students from low-income households. Some vendors have gained reputations for filling orders slowly and providing poor customer service while charging exorbitant prices.'","In a study of consumer costs of uniforms and whether money is actually saved, researchers found that uniforms do not replace kid's clothing, and parents actually ended up spending more money on clothes when uniforms are required.","95 percent of parents think school uniforms cost too much. About 16 percent said they’ve had to cut back on food and other essentials to pay for uniforms, and 13 percent said its pushed them into debt.",The Children’s Society estimated recently that the average cost of a school uniform is now £340.,Research by the Children's Society from 2020 showed the average spent on school uniform per year was £337 for each secondary child and £315 for primary in Wales. The costs were three times what parents thought was acceptable.,We should abandon the use of school uniform,https://edubirdie.com/examples/school-uniforms-stifle-freedom-of-expression/,https://kids.lovetoknow.com/wiki/Statistics_on_School_Uniforms,https://www.ecnmy.org/engage/95-parents-think-school-uniforms-cost-much/,https://theboar.org/2020/09/school-uniform/,https://www.bbc.co.uk/news/uk-wales-60752218,School uniforms are expensive,1,1.0
kp_4_7,evi_4_39,evi_4_40,evi_4_41,evi_4_42,evi_4_43,"For example, many types of clothes popular among female students (especially during hot weather) are considered to be “sexually suggestive” (“School dress codes,” 2017, para. 7). According to the proponents of such rules for teenage girls, short skirts and similar clothes contribute to sexual crime in schools (“School dress codes,” 2017).",Dr Johanna Reidy from Otago’s Department of Public Health says girls are forced to wear uniforms that stop them from being active during breaks or cycling to school.,"A researcher from the University of Otago says a radical redesign of uniforms is needed.  Students are often made to wear school uniforms that leave them too hot in summer, too cold in winter and are physically restrictive for girls.","Says Laura Bates, a co-founder of The Everyday Sexism Project. “There’s a real culture being built up through some of these dress codes where girls are receiving very clear messages that male behavior, male entitlement to your body in public space is socially acceptable, but you will be punished.”","According to a recent GLSEN study, 19 percent of LGBT students were prevented from wearing clothes that were thought to be from another gender and that number was even higher for transgender students, nearly 32 percent of whom have been prevented from wearing clothes that differed from those designated for their legal sex.",We should abandon the use of school uniform,https://ivypanda.com/essays/school-dress-codes-and-self-expression/,https://www.renews.co.nz/school-uniforms-are-sexist-and-uncomfortable-new-research/,https://www.renews.co.nz/school-uniforms-are-sexist-and-uncomfortable-new-research/,https://www.theatlantic.com/education/archive/2015/10/school-dress-codes-are-problematic/410962/,https://www.theatlantic.com/education/archive/2015/10/school-dress-codes-are-problematic/410962/,School uniforms are often uncomfortable/sexist,1,1.0
kp_4_4,evi_4_22,evi_4_23,evi_4_24,evi_4_26,,"B.R. international Public School shows that alongside featuring unity, uniforms likewise promote equality. Envision the circumstance without school uniforms. Students would show up in garments of their decision. Regardless of the amount we attempt, this will ingrain inequality- kids from rich foundations would wear their marked garments and adornments, while other students would build up a feeling of inadequacy.","Uniforms not only unify students’ appearances, but they also create a sense of unity in terms of community. A student in a uniform feels they belong to their school and that their school belongs to them. They boost school pride and spirit.","In a Texas survey of approximately one thousand middle schools, it was found that students in uniforms “reported significantly more positive perceptions of belonging in their school community than reported by students in the standard dress group” (David L. Brunsma).","Uniform is defined by Joseph and Alex (1972) as a costume identifying similar appearance, distinctiveness, or uniformity of a group. They viewed that uniform is not only attire that an individual wears, but also symbolizes membership of group, while creating exclusion and otherness to people outside the group.",,We should abandon the use of school uniform,http://www.brinternationalpublicschool.com/2018/06/01/uniform-significance-of-equality-unity-identity/,https://evolutionuniforms.com/threads-of-unity-5-benefits-of-school-uniforms/,https://waghostwriter.com/68390/opinions/implementing-uniforms-may-prove-to-be-beneficial-in-the-long-run/,https://files.eric.ed.gov/fulltext/EJ1178776.pdf,,School uniforms create a sense of equality/unity,-1,1.0
kp_4_2,evi_4_12,evi_4_13,evi_4_14,evi_4_15,evi_4_16,Natasha Irshad said 'One of the major distractions faced by schools with no uniform policy is focusing on the wardrobes of other children. Kids will be focusing more on the clothes of other kids rather than focusing on studying.',"In 2018, the Schoolwear Assiciation conducted a series of focus groups with pupils from Year 7 and Year 9 to get the inside views on uniforms. We found that many pupils chose to remain in their uniform outside of school to complete homework. Most children explained that it helped them stay focussed while they worked, keeping them in the ‘school mindset’. While non-uniform days may be exciting, our research found that pupils viewed them as ‘non-work’ days, and teachers reported a drop in behavior standards as a result.",One study showed that 70% of principals believed that mandated school uniforms reduced disciplinary problems at their schools.,"Some people believe that a school uniform can improve learning by reducing distraction, sharpening focus on schoolwork and making the classroom a more serious environment, allowing students to perform better academically.","by taking their focus away from their attire and their peers’ thoughts, uniforms help students concentrate on their classwork (NASSP Bulletin).",We should abandon the use of school uniform,"https://academiamag.com/school-uniforms-can-improve-discipline-in-the-students/#:~:text=Students%20in%20uniform%20are%20more,are%20dressed%20appropriately%20or%20not.",https://schoolwearassociation.co.uk/the-benefits-of-school-specific-uniform/,https://cornerstoneschools.org/school-uniforms-promoting-cooperation-and-positive-behavior/,https://www.theguardian.com/education/mortarboard/2013/oct/03/why-wear-school-uniform,https://waghostwriter.com/68390/opinions/implementing-uniforms-may-prove-to-be-beneficial-in-the-long-run/,School uniforms encourage discipline or focus on learning,-1,1.0
kp_4_9,evi_4_49,evi_4_51,evi_4_52,evi_4_53,evi_4_54,"This idea is supported by testimony from a 17-year-old student forced to wear uniforms. Her story was reported in National Catholic Reporter of March, 2002, and she said, 'Everyone hated it. It completely killed any sense of individuality any one of us had. Everyone looked the same. It was sad to watch'.","According to Grace Chen of the Public School Review, forced conformity may leave students ill prepared to enter the adult world where appearance matters even if uniforms are not required.","'School uniforms only reinforce the notion that authority and obedience matter most, which does not factor into dressing appropriately for a job in an adult career field' contends Scott Key of Fresno State University.",Uniforms could delay an adolescent's transition into adulthood. A quote states that “Adults make their own clothing choices and have the freedom to express themselves through their appearance.,"Research has shown that getting to dress themselves in what they want not only encourages independent thinking in kids and teens, but it also prepares them for adulthood when they have to learn to adapt to shifting social standards and contexts—skills that will serve them well as adults. When they prepare for their first college visits, job interviews, internships or promotions, they will need to know how to make appropriate choices.",We should abandon the use of school uniform,https://www.bulbapp.com/u/uniforms-destroy-individuality,https://discover.hubpages.com/education/School-Uniforms-Are-Destroying-Individuality,,https://letters2president.org/letters/20278,https://www.herfamily.ie/opinion/time-ditch-school-uniforms-yet-414456,School uniforms increase conformity or harm individuality,1,1.0
kp_4_3,evi_4_18,evi_4_19,evi_4_20,,,"According to recent NY Post article, most parents responded that they spent $48 on pants for their children and that $30 was a reasonable price for a T-shirt. Using those figures, the average American family is encountering a figure approaching, and in some cases surpassing, $300 per child for back-to-school clothing. Contrast that figure with the cost of a year's worth of school uniforms:one year (five tops and five bottoms) of school uniform or standardized dress code clothing is $150. Therefore families can save at least $150 per child on back-to-school clothes!If these savings are applied over a 12-year career, each child could save $1800! These savings are more than enough to help students prepare for college expenses, when money is tight due to rising tuition costs.","A UK study found that the average school uniform costs parents £88.05. The average non-school outfit, on the other hand, sets parents back £113.00.","A national survey of 517 US school leaders found that 94% of those surveyed believe 'one of the main benefits to parents is that school uniforms are more cost-effective than regular apparel,' and 77% estimated the average annual cost of school uniforms per child to be $150 or less.",,,We should abandon the use of school uniform,https://shop.catholicsupply.com/blog/How-School-Uniforms-Save-Money,https://www.parlia.com/a/uniforms-save-money,https://school-uniforms.procon.org/arguments/school-uniforms-can-save-parents-money/,,,School uniforms saves costs,-1,1.0
kp_7_4,evi_7_32,evi_7_33,evi_7_34,evi_7_35,evi_7_36,"In 2015, assaults with a firearm were 6.8 times more common in states that had the most guns, compared to the leas.","More than a dozen studies have revealed that if you had a gun at home, you were twice as likely to be killed as someone who didn’t.",Research from the Harvard School of Public Health tells us that states with higher gun ownership levels have higher rates of homicide.,"Data even tells us that where gun shops or gun dealers open for business, killings go up.","When Missouri repealed its permit law, gun-related killings increased by 25 percent.",We should abolish the right to keep and bear arms,https://www.scientificamerican.com/article/the-science-is-clear-gun-control-saves-lives/,https://www.scientificamerican.com/article/the-science-is-clear-gun-control-saves-lives/,https://www.scientificamerican.com/article/the-science-is-clear-gun-control-saves-lives/,https://www.scientificamerican.com/article/the-science-is-clear-gun-control-saves-lives/,https://www.scientificamerican.com/article/the-science-is-clear-gun-control-saves-lives/,Banning guns would save lives,1,1.0
kp_7_0,evi_7_0,evi_7_1,evi_7_2,evi_7_4,,Criminals overwhelmingly obtain their firearms through illegal channels and will never be deterred by state and federal laws.  A 2016 Obama administration study by the Bureau of Justice Statistics examined how prison inmates obtained the firearms they used during crimes — and the results weren’t surprising. The study found that only about 10.1% obtained their firearms through a retail source.,"In 2018, a study was released that examined the effect of comprehensive background checks on the state. The study examined nearly two decades (1981-2000) of data and found that background checks had no effect on homicide rates in California.",A study in Applied Economics Letters found that “assault weapons bans did not significantly affect murder rates at the state level” and “states with restrictions on the carrying of concealed weapons had higher gun-related murders.”,"According to a Mar. 10, 2016 Lancet study, most state-level gun control laws do not reduce firearm death rates, and, of 25 state laws, nine were associated with higher gun death rates.",,We should abolish the right to keep and bear arms,https://www.nraila.org/why-gun-control-doesn-t-work/,https://www.nraila.org/why-gun-control-doesn-t-work/,https://gun-control.procon.org/,https://gun-control.procon.org/,,Gun control is ineffective,-1,1.0
kp_7_7,evi_7_53,evi_7_55,evi_7_56,evi_7_57,evi_7_58,"Jeffrey Voccola, Assistant Professor of Writing at Kutztown University, notes, 'The average gun owner, no matter how responsible, is not trained in law enforcement or on how to handle life-threatening situations, so in most cases, if a threat occurs, increasing the number of guns only creates a more volatile and dangerous situation.'",A June 1985 study published in the American Journal of Public Health found that “the weapons used [in altercations]… were those closest at hand.”,"An editorial published in the June 1985 American Journal of Public Health noted, “gun-inflicted deaths [often] ensue from impromptu arguments and fights; in the US, two-thirds of the 7,900 deaths in 1981 involving arguments and brawls were caused by guns.”","A 1993 study published in The New England Journal of Medicine found that '[r]ather than confer protection, guns kept in the home are associated with an increase in the risk of homicide by a family member or intimate acquaintance.'","'On the absolute scale, this means that a state like California, which has approximately two mass shootings per year, will have an extra mass shooting for every 10 unit increase in permissiveness over five years,' explain the researchers. 'It will also have three to five more mass shootings per five years for every 10 unit increase in gun ownership,' they add.",We should abolish the right to keep and bear arms,https://gun-control.procon.org/,https://gun-control.procon.org/,https://gun-control.procon.org/,https://gun-control.procon.org/,https://www.bmj.com/company/newsroom/higher-rates-of-mass-shootings-in-us-states-with-more-relaxed-gun-control-laws/,Gun ownership allows for mass-shootings/general gun violence,1,1.0
kp_7_1,evi_7_8,evi_7_9,evi_7_10,evi_7_11,evi_7_12,"In 2010, the Court further strengthened Second Amendment protections in McDonald v. City of Chicago, 567 F.3d 856. The plaintiff in McDonald challenged the constitutionality of the Chicago handgun ban, which prohibited handgun possession by almost all private citizens. In a 5-4 decision, the Court, citing the intentions of the framers and ratifiers of the Fourteenth Amendment, held that the Second Amendment applies to the states through the incorporation doctrine.","In 2022, the Supreme Court further expanded upon the precedent set by Heller in New York State Rifle & Pistol Association v. Bruen. In Bruen, the Court struck down a New York law requiring parties interested in purchasing a handgun for the use of self-defense outside of the home to obtain a license because the law issued licenses on a “may-issue” rather than a “shall issue” basis. This “may issue” licensing method allowed state authorities to deny interested parties public use licenses for firearms if the interested party was unable to show “proper cause” as to why they have a heightened need for self-protection over the general population.","In a 5-4 vote Thursday, the U.S. Supreme Court declared for the first time that the Second Amendment to the Constitution guarantees the right of individual Americans to keep and bear arms. The court said gun ownership is an individual right, not connected with military service, and that it can be regulated in some ways.","The presumptive Republican nominee for president, Sen. John McCain, released a statement applauding the decision. 'Today's ruling makes clear that other municipalities like Chicago that have banned handguns have infringed on the constitutional rights of Americans,' he said.","For today’s gun owners, the right to own guns nearly rivals other rights laid out in the U.S. Constitution in terms of its personal salience. About three-quarters of gun owners (74%) say this right is essential to their own sense of freedom.",We should abolish the right to keep and bear arms,https://www.law.cornell.edu/wex/second_amendment,https://www.law.cornell.edu/wex/second_amendment,https://www.law.cornell.edu/wex/second_amendment,https://www.npr.org/templates/story/story.php?storyId=91913260,https://www.pewresearch.org/social-trends/2017/06/22/guns-and-daily-life-identity-experiences-activities-and-involvement/,Gun ownership is a right,-1,1.0
kp_7_2,evi_7_13,evi_7_14,evi_7_15,,,"According to a Feb. 2013 Pew Research report, 32% of gun owners owned guns for hunting and 7% owned guns for target or sport shooting.","In 2011, there were 13.7 million hunters 16 years old or older in the United States, and they spent $7.7 billion on guns, sights, ammunition, and other hunting equipment.","According to data from 2016, approximately 10 million people used firearms for hunting, more than 50 percent of all hunters participated in target shooting, and 22 percent of hunters visited shooting ranges (U.S. Fish and Wildlife Service, 2018).",,,We should abolish the right to keep and bear arms,https://gun-control.procon.org/,https://gun-control.procon.org/,https://www.rand.org/research/gun-policy/analysis/hunting-and-recreation.html,,,Gun ownership is necessary for hunting/sports-shooting,-1,1.0
kp_7_3,evi_7_19,evi_7_20,evi_7_21,evi_7_22,evi_7_24,"Constitutions in 37 US states protect the right to bear arms for self-defense, most with explicit language such as Alabama’s: 'every citizen has a right to bear arms in defense of himself and the state.'","Wayne LaPierre, Executive Vice President of the NRA, stated, 'The only thing that stops a bad guy with a gun is a good guy with a gun.'","A May 9, 2013 48% of convicted felons surveyed admitted that they avoided committing crimes when they knew the victim was armed with a gun.",Pew Foundation report found that 79% of male gun owners and 80% of female gun owners said owning a gun made them feel safer and 64% of people living in a home in which someone else owns a gun felt safer.,"In a Gallup survey conducted in August 2019, gun owners were most likely to cite personal safety or protection as the reason they own a firearm. Roughly six-in-ten (63%) said this in an open-ended question.",We should abolish the right to keep and bear arms,https://gun-control.procon.org/,https://gun-control.procon.org/,https://gun-control.procon.org/,https://gun-control.procon.org/,https://www.pewresearch.org/fact-tank/2021/09/13/key-facts-about-americans-and-guns/,Gun ownership promotes self protection,-1,1.0
kp_7_5,evi_7_39,evi_7_40,evi_7_42,evi_7_43,evi_7_44,"Ian Ayres, JD, PhD, and John J. Donohue, JD, PhD, Professors of Law at Yale Law School and Stanford Law School respectively, state, “with guns being a product that can be easily carried away and quickly sold at a relatively high fraction of the initial cost, the presence of more guns can actually serve as a stimulus to burglary and theft.",A Secret Service analysis found that of 24 mass shootings in 2019 at least 10 (42%) involved illegally possessed guns.,"According to a Bureau of Justice Statistics May 2013 report, 37.4% of state prison inmates who “used, carried, or possessed a firearm when they committed the crime for which they were serving a prison sentence” obtained the gun from a family member or friend.","'Guns do fall into the wrong hands,' Commissioner Ramsey said, adding that many guns used by criminals were originally purchased legally.","One of the worst recent examples was the massacre in a Sutherland Springs, Texas, church last November, in which 26 people were killed by a man whose domestic violence conviction should have barred him from buying guns.",We should abolish the right to keep and bear arms,https://gun-control.procon.org/,https://gun-control.procon.org/,https://gun-control.procon.org/,https://www.bbc.co.uk/news/av/world-us-canada-21269683,https://www.npr.org/2018/01/26/580143957/what-it-takes-to-get-guns-out-of-the-wrong-hands,Guns can fall into the wrong hands,1,1.0
kp_7_6,evi_7_47,evi_7_49,evi_7_50,evi_7_51,evi_7_52,"Marjorie Sanfilippo, PhD, Professor of Psychology at Eckerd College who has researched children’s behavior around guns, stated, “We put gates around swimming pools to keep children from drowning. We put safety caps on medications to keep children from poisoning themselves. Because children are naturally curious and impulsive, and because we have shown time and again that we cannot ‘gun-proof’ them with education, we have a responsibility to keep guns out of the hands of children.”","Accidental gun deaths occur mainly to those under 25 years old. So far in 2022, 209 children (age 0-17) have died by gunshot and an additional 519 were injured. Adolescents are particularly susceptible to accidental shootings due to specific behavioral characteristics associated with adolescence, such as impulsivity, feelings of invincibility, and curiosity about firearms.","In 2021, unintentional shooting deaths accounted for over 4% (2,007) of total gun related deaths (44,912) in the United States.",A study from 2014 showed that victims of unintentional shootings were three times more likely to live in a household with a firearm.,"A 2001 study found that regardless of age, people are nine times more likely to die from unintentional firearm injuries when they live in states with more guns, relative to states with fewer guns.",We should abolish the right to keep and bear arms,https://gun-control.procon.org/,https://www.aftermath.com/content/accidental-shooting-deaths-statistics/,https://www.aftermath.com/content/accidental-shooting-deaths-statistics/,https://www.aftermath.com/content/accidental-shooting-deaths-statistics/,https://www.aftermath.com/content/accidental-shooting-deaths-statistics/,Guns lead to accidental deaths,1,1.0
kp_8_0,evi_8_3,evi_8_4,evi_8_5,evi_8_6,evi_8_7,"There are warning signs that acute budget and service pressures can encourage a retreat to silos or ‘passing the buck’, particularly at the operational level.","The UK’s largest national food bank charity, the Trussell Trust, has documented a 5,146 percent increase in emergency food parcels distributed between 2008 and 2018. In that decade this food bank network went from distributing just under 26,000 parcels a year to handing out more than 1.33 million of them.","Our analysis of government data shows that the budget allocated for welfare for children and families has borne the brunt of public expenditure cuts, falling by 44 percent between 2010 and 2018.","“Taking care of ‘at risk’ children is a mandatory concern. However, youth centres and outreach services are considered unessential and have been cut to the bone. Yet these are services that help prevent children becoming ‘at risk’ in the first place,” said Gray.","“For example, the Institute for Fiscal Studies (IFS) estimate that even if the government locks in a moderate overall spending increase over the next five years, because of commitments to protect certain areas of spending, the remaining ‘unprotected’ areas - including most aspects of social security, prisons, local government and adult education - are facing an average annual cut of 0.4 per cent per year.",We should adopt an austerity regime,https://www.jrf.org.uk/sites/default/files/jrf/migrated/files/Summary-Final.pdf,https://www.hrw.org/report/2019/05/20/nothing-left-cupboards/austerity-welfare-cuts-and-right-food-uk,https://www.hrw.org/report/2019/05/20/nothing-left-cupboards/austerity-welfare-cuts-and-right-food-uk,https://www.cam.ac.uk/research/news/austerity-cuts-twice-as-deep-in-england-as-rest-of-britain,https://www.ippr.org/blog/austerity-there-is-an-alternative-and-the-uk-can-afford-to-deliver-it,Austerity cuts access to essential services,-1,1.0
kp_8_1,evi_8_8,evi_8_9,evi_8_10,evi_8_11,evi_8_12,The use of austerity measures during times of economic hardship has caused much controversy about their purpose and usefulness. Many economists have pointed out that the measures have contractionary effects and usually exacerbate ongoing economic recessions.,"In Argentina, Russia, and Turkey, for example, many high-level government officials resigned when mistimed austerity packages did more harm than good for their economies.","For instance, interest rates on Greek debt fell following its first bailout. However, the gains were limited to the government having decreased interest rate expenses. Although the private sector was unable to benefit, the major beneficiaries of lower rates are large corporations. Consumers benefited only marginally from lower rates, but the lack of sustainable economic growth kept borrowing at depressed levels despite the lower rates.","“If he wants to reassure the markets, he will have to announce early action in the form of a big fiscal tightening. That could deepen and/or lengthen the recession and ultimately create an even bigger fiscal hole,” said Ruth Gregory, senior U.K. economist at Capital Economics.","The financial press and many economists have pointed to austerity policies that cut government expenditures and increased tax rates as an explanation for the slow recovery in several European countries (e.g. Blanchard and Leigh 2013, Krugman 2015).",We should adopt an austerity regime,https://www.britannica.com/topic/austerity,https://www.britannica.com/topic/austerity,https://www.investopedia.com/terms/a/austerity.asp,https://www.cnbc.com/2022/11/15/british-government-to-usher-in-new-era-of-austerity-in-effort-to-restore-market-confidence.html,https://cepr.org/voxeu/columns/austerity-aftermath-great-recession,Austerity extend recessions,-1,1.0
kp_8_5,evi_8_36,evi_8_37,evi_8_38,evi_8_39,evi_8_40,"More recently, supporters of austerity argue that the rebound in economic growth in Latvia and Estonia show that countries who pursue fiscal austerity can overcome their problems. (e.g. Latvia showed fast growth of 5.1% in past 12 months at Q1 2012)","If budget deficits are not cut, it can lead to higher bond yields (e.g. in case of Greece, Spain and Ireland).","After 2009 recession, many European and US economies faced record levels of peace-time deficit. The UK budget deficit was over 10% of GDP, causing a rise in national debt.","The measures implemented in 2010 achieved a remarkable degree of fiscal consolidation, bringing the Greece government deficit from 15.8% in 2009 to 10.7% in 2010.","Contrary to this, research from Harvard economist Alberto Alesina demonstrated the benefits of ‘expansionary austerity:’ fiscal policy changes in advanced economies between 1970 and 2007 showed that spending cuts were often 'associated with economic expansions rather than recessions'.",We should adopt an austerity regime,https://www.economicshelp.org/blog/5366/economics/austerity-pros-and-cons/,https://www.economicshelp.org/blog/5366/economics/austerity-pros-and-cons/,https://www.economicshelp.org/blog/5366/economics/austerity-pros-and-cons/,https://www.intereconomics.eu/contents/year/2013/number/1/article/austerity-measures-in-crisis-countries-results-and-impact-on-mid-term-development.html,https://www.canford.com/d/~board/views-from-the-study/post/is-austerity-ever-necessary,Austerity improves the economic measures,1,1.0
kp_8_6,evi_8_41,evi_8_42,evi_8_43,evi_8_44,,"Cutting budget deficits will give investors greater confidence about the long-term performance of the economy. Lower debt levels will encourage the private sector to invest. In 2012, the EU commission produced a report saying that austerity measures are working to reduce budget deficits. José Manuel Barroso, the commission president, said: ‘I can say the medicine is beginning to work’ (Economist). The EU point to falling deficits in countries such as Estonia, Finland, Luxembourg and Sweden. Hungary has also improved its fiscal position.","Some economists argue ‘austerity’ is necessary to reduce budget deficits, and cutting government spending is compatible with improving the long-term economic performance of the economy.","If policymakers and the electorate show sufficient resolve, carrying through with austerity will eventually be rewarded by better financing conditions. Austerity pays off in the long run.","On the basis of Arellano (2008) model simulations we find that cutting government consumption may indeed raise the default premium in the short run. This is not because investors are impatient or schizophrenic about austerity. Rather, this is because with output being temporarily reduced due to austerity, financial market participants understand that a government is tempted to default on its debt obligations in order to free scarce resources from debt service for other expenditures.",,We should adopt an austerity regime,https://www.economicshelp.org/blog/5366/economics/austerity-pros-and-cons/,"https://www.economicshelp.org/blog/5366/economics/austerity-pros-and-cons/#:~:text=Some%20economists%20argue%20'austerity'%20is,economic%20performance%20of%20the%20economy.",https://www.weforum.org/agenda/2015/02/does-austerity-pay-off-in-the-long-run/,https://www.weforum.org/agenda/2015/02/does-austerity-pay-off-in-the-long-run/,,Austerity is important in the long term,1,1.0
kp_8_7,evi_8_45,evi_8_46,evi_8_48,evi_8_49,,"Astute monetary policy and falls in international commodity prices are given by a recent World Bank overview, as reasons for this relatively steady growth in the services and industrial sectors, enjoyed by Morocco and reflected in the country’s GDP.","Morocco was a heavily indebted country in the 1980s. Austerity measures and promarket reforms have been credited with positive outcomes, including economic stability, steady growth at low inflation rates, and a gradual fall in unemployment.",A reduction in wages and public expenditure negatively impacts domestic demand. But this negative effect is offset by the positive effect on exports. A strong state commitment to macroeconomic stability and improved cost competitiveness improved the real exchange rate (REER) and facilitated an export-led recovery.,"Put simply, a growth in external demand (consumers outside Ireland buying more Irish produced goods and services) compensated for a contraction in the internal demand caused by austerity (Irish consumers, households and government spending less). It’s the German model of adjustment: commit to macroeconomic stability, compress domestic demand and expand exports.",,We should adopt an austerity regime,https://www.sciencedirect.com/topics/social-sciences/austerity,https://www.sciencedirect.com/topics/social-sciences/austerity,https://blogs.lse.ac.uk/europpblog/2016/02/02/debunking-myths-why-austerity-and-structural-reforms-have-had-little-to-do-with-irelands-economic-recovery/,https://blogs.lse.ac.uk/europpblog/2016/02/02/debunking-myths-why-austerity-and-structural-reforms-have-had-little-to-do-with-irelands-economic-recovery/,,Austerity is important to increase stability,1,1.0
kp_8_8,evi_8_53,evi_8_54,evi_8_55,evi_8_56,evi_8_57,"Almost a decade after the onset of the global financial crisis, national debt in advanced economies remains near its highest level since World War II, averaging 104 percent of GDP. In Japan, the ratio is 240 percent and in Greece almost 185 percent. In Italy and Portugal, debt exceeds 120 percent of GDP. Without measures either to cut spending or increase revenue, the situation will only get worse.","The most commonly proposed austerity measures in the IMF loans include wage bill cuts and freezes (31 countries), increases to or the introduction of value-added tax (VAT) (14 countries), and general public expenditure cuts (55 countries).","David Cameron used his speech at the Scottish Conservative conference over the weekend to hit back. He said: 'Our opponents bleat on about austerity but I tell you – if we don’t get a grip of these debts, they will grip us.'",The budget deficit was 11% of GDP in 2009-10. It is now about 5.5% and the Office for Budget Responsibility (OBR) of UK predicts a surplus by the end of the decade.,"The chancellor, George Osborne, certainly plans more austerity, hoping to achieve a budget surplus and a rapidly declining debt-to-GDP ratio by the end of the decade (four years later than he originally predicted).",We should adopt an austerity regime,https://www.imf.org/en/Publications/fandd/issues/2018/03/alesina,https://oxfamilibrary.openrepository.com/bitstream/handle/10546/621210/bp-covid-loans-imf-austerity-110821-en.pdf,https://theconversation.com/austerity-was-necessary-in-2010-but-we-dont-need-much-more-37939,https://theconversation.com/austerity-was-necessary-in-2010-but-we-dont-need-much-more-37939,https://theconversation.com/austerity-was-necessary-in-2010-but-we-dont-need-much-more-37939,Austerity is necessary to reduce deficits or pay debts,1,1.0
kp_8_2,evi_8_17,evi_8_18,evi_8_19,evi_8_22,evi_8_23,"Margaret Greenwood, the shadow work and pensions secretary, said: “The government should listen to the people being pushed into poverty by its policies. Universal credit is failing miserably, leaving families in debt, [in] rent arrears and at risk of becoming homeless. Three million children are growing up in poverty despite living in a working household.","Universal credit has punched us in the face. Before much longer people will turn to crime. People will smash the windows to get what they want. This is going to cause riots – Denise Hunter, 57, at the West End food bank in Newcastle-on-Tyne","I got hungry because I was smelling the other food. I had to take my eyes away from it. The most unfair thing is the government knows families are going through hard times but they decide not to do anything about it – John Adebola-Samuel, 12, whose family couldn’t get school meals in Dumfries, Scotland, because of their immigration status","I was 18 [and homeless] and the council said I was not a priority. I was struggling with depression and anxiety and juggling work. I was told that if I stop work and have a baby I would be more likely to get housing – Tayah, west London.","IMF-required austerity is significantly associated with rising inequality, by increasing the income share to the top ten percent at the expense of the bottom 80 percent. Unsurprisingly, the impact can also be seen in significantly rising poverty levels in countries facing tighter austerity requirements.",We should adopt an austerity regime,https://www.theguardian.com/society/2018/nov/16/uk-austerity-has-inflicted-great-misery-on-citizens-un-says,https://www.theguardian.com/society/2018/nov/16/uk-austerity-has-inflicted-great-misery-on-citizens-un-says,https://www.theguardian.com/society/2018/nov/16/uk-austerity-has-inflicted-great-misery-on-citizens-un-says,https://www.theguardian.com/society/2018/nov/16/uk-austerity-has-inflicted-great-misery-on-citizens-un-says,https://www.bu.edu/gdp/2021/04/05/imf-austerity-is-alive-and-impacting-poverty-and-inequality/,Austerity is unfair to the citizens,-1,1.0
kp_8_9,evi_8_59,evi_8_60,evi_8_61,,,"Despite its negative reputation concerning its commitment to reforms and its implementation record, Greece has put forth an immense effort over the last three years and indeed has taken impressive steps toward achieving fiscal sustainability, with occasionally remarkable results. In the three years since the beginning of the crisis, it implemented a fiscal tightening of some 20% of GDP (around €50bn, while it has committed to measures cumulatively totalling €65bn by 2015) and reduced its budget deficit by an impressive nine percentage points, despite having lost a fifth of its GDP since 2009.","For example, the global economic downturn that began in 2008 left many governments with reduced tax revenues and exposed what some believed were unsustainable spending levels. Several European countries, including the United Kingdom, Greece, and Spain, turned to austerity as a way to alleviate budget concerns.","Perhaps the most successful model of austerity, at least in response to a recession, occurred in the United States between 1920 and 1921. The unemployment rate in the U.S. economy jumped from 4% to almost 12%.  Real gross national product (GNP) declined almost 20%—greater than any single year during the Great Depression or Great Recession. President Warren G. Harding responded by cutting the federal budget by almost 50%. Tax rates were reduced for all income groups, and the debt dropped by more than 30%. In a speech in 1920, Harding declared that his administration 'will attempt intelligent and courageous deflation, and strike at government borrowing...[and] will attack high cost of government with every energy and facility.'",,,We should adopt an austerity regime,https://www.intereconomics.eu/contents/year/2013/number/1/article/austerity-measures-in-crisis-countries-results-and-impact-on-mid-term-development.html,https://www.investopedia.com/terms/a/austerity.asp,https://www.investopedia.com/terms/a/austerity.asp,,,Austerity regime is essential in economically troubled times,1,1.0
kp_8_3,evi_8_24,evi_8_25,evi_8_26,evi_8_27,evi_8_28,"In exchange for bailouts, the EU and European Central Bank (ECB) embarked on an austerity program that sought to bring Greece's finances under control. Greece's deficit has dramatically decreased, but the country's austerity program has been a disaster in terms of healing the economy.","Austerity undermined improving public finances and suppressed tax revenues, with cumulative government borrowing through to 2023-24 now likely to be double (+£450bn) the original plan to get it down to zero in five years.",Because the evidence shows that austerity strangled the green shoots of economic recovery that were sprouting when the Conservative-Lib Dem coalition took office.,"On average, pay growth halved across OECD countries in the nine post-crisis years compared to the nine pre-crisis years.","The OECD average slowing from 5 per cent before the crisis to 2.5 per cent after the crisis, with the UK down from 4 to 2 per cent. For many countries – including the UK – price rises mean that the standard of living has fallen over the last decade.",We should adopt an austerity regime,https://www.investopedia.com/terms/a/austerity.asp,https://www.tuc.org.uk/blogs/failure-austerity-and-how-fix-it,https://www.tuc.org.uk/blogs/failure-austerity-and-how-fix-it,https://www.tuc.org.uk/blogs/failure-austerity-and-how-fix-it,https://www.tuc.org.uk/blogs/failure-austerity-and-how-fix-it,Austerity results in lower growth,-1,1.0
kp_8_4,evi_8_29,evi_8_30,evi_8_31,evi_8_32,evi_8_33,"Cutting government spending, many believe, leads to large-scale unemployment. Robust public sector spending, they suggest, reduces unemployment and therefore increases the number of income-tax payers.","Recently, the International Labour Organisation (ILO) released their World Employment Social Outlook for 2016. In this document they provide additional details on the global outlook for the near future. Between 2014 and 2016 the unemployment rate in European countries averaged between 10.2 and 9.2%.","Countries like Greece, Cyprus, Ireland, Portugal and Spain are affected up to the point where basic rights like access to jobs, the right to work, etc. are under threat. Greece and Spain’s unemployment rates for example are respectively 25.6% and 22.9%.","In 2012, the World of Work Report by the International Labour Organisation (ILO),stated that women have a higher probability of being unemployed or finding themselves in vulnerable employment positions in comparison to men. According to the ILO, they face systemic barriers in nearly all aspects of employment. As a side effect which cannot be underestimated or ignored, the austerity measures further enforce these barriers. These barriers are all in regard to; receiving ample childcare, the level of pay, the access to higher-paying traditionally “male” occupations, job security, pension entitlement, benefits, etc.","Alessandro Turrini finds that contrary to expectations, austerity policies may have been responsible for creating more unemployment in countries with stronger employment protection legislation. One potential reason for this is that while countries with more regulated labour markets have not experienced as many redundancies from austerity, they have also had far lower job creation levels.",We should adopt an austerity regime,https://www.investopedia.com/terms/a/austerity.asp,,,,,Austerity results in lower job creation,-1,1.0
kp_15_0,evi_15_7,evi_15_8,evi_15_9,evi_15_10,evi_15_11,"'This matters a great deal for access in the persistently White institutions that generally control the pathways to power in our society,' said Ed Wingenbach, president of Hampshire College, a liberal arts college in Amherst, Massachusetts.","By the end of his tenure, UC was admitting more minority students than it was in 1997, the year before the ban on affirmative action took effect.","Sander's paper on mismatching has been refuted by several law professors, including Ian Ayres and Richard Brooks from Yale who use Sander's data to show that eliminating affirmative action would actually reduce the number of black lawyers by 12.7% [REF].","A prominent advocate of affirmative action, he played a leading role in the twin Supreme Court cases-Grutter v Bollinger and Gratz v Bollinger-that upheld and clarified the importance of diversity as a compelling justification for affirmative action in higher education.","In Fisher v. University of Texas at Austin, the APALC submitted a brief supporting the University of Texas in preserving the use of affirmative action in admissions, saying Asian students 'benefited from exposure to a diverse student body.'",We should end affirmative action,https://news.bloomberglaw.com/us-law-week/affirmative-action-end-will-crush-the-diversity-talent-pipeline,https://en.wikipedia.org/wiki/Richard_C._Atkinson,https://en.wikipedia.org/wiki/Affirmative_action,https://en.wikipedia.org/wiki/Columbia_University,https://en.wikipedia.org/wiki/Asian_Pacific_American_Legal_Center,Affirmative action boosts diversity,-1,1.0
kp_15_3,evi_15_41,evi_15_42,evi_15_43,evi_15_44,evi_15_45,"Opponents also contend that affirmative action devalues the accomplishments of all those who belong to groups it is intended to help, therefore making affirmative action counterproductive [REF].","Williams believes programs such as affirmative action and minimum wage laws set up to aide minorities have, in fact, been harmful to them and stifled their ability to advance in society.","Color-blind people often oppose affirmative action because it encourages racism against whites; claim that minorities are disadvantaged because of their own volition, accept racial segregation, and minimize racism and discrimination.",Opponents of affirmative action such as George Sher believe that affirmative action devalues the accomplishments of people who are chosen based on the social group to which they belong rather than their qualifications [REF].,"This agenda is celebrated on the backs of Asian-American students. Students for Fair Admissions Inc. is in the process of suing Harvard University, alleging that the university caps the number of admissions for Asian American students. Race-blind admission testing would allow the students, with top test scores in the country, a place at a prestigious university. Instead, they are marked down on “personality trait” testing, in which they coincidentally and consistently score low.",We should end affirmative action,https://en.wikipedia.org/wiki/Affirmative_action,https://en.wikipedia.org/wiki/Walter_E._Williams,https://en.wikipedia.org/wiki/Laissez-faire_racism,https://en.wikipedia.org/wiki/Affirmative_action,https://dailyiowan.com/2018/07/18/jaimes-affirmative-action-perpetuates-racism/,Affirmative action diminishes the achievements of minorities,1,1.0
kp_15_4,evi_15_46,evi_15_49,,,,In 2010 Arizona voters passed a constitutional ban on government-sponsored affirmative action known as Proposition 107 [REF].,"With privileged African Americans gaining professional upward mobility through affirmative action and equal opportunity sanctions in education and employment, the less-skilled, less-educated African Americans fall behind.",,,,We should end affirmative action,https://en.wikipedia.org/wiki/Affirmative_action_in_the_United_States,https://en.wikipedia.org/wiki/Economic_restructuring,,,,Affirmative action is ineffective,1,1.0
kp_15_1,evi_15_25,evi_15_26,evi_15_27,evi_15_28,evi_15_29,"Elkins' views were influential during the late 1960s when Daniel Patrick Moynihan, supported Affirmative action programs in order to counteract the lingering effects of slavery on black culture.","An opinion column in the Houston Chronicle after a similar sale took place at Texas A&M University held that 'Actions like these reinforce the common misconception that affirmative action policies give academically unqualified minority students a get-into-college-free card, and they ignore historical discrimination that denied nonwhites opportunities to be successful at any price, no matter their talents or intelligence.'","Wesolowski supported affirmative action programs for Saskatoon Catholic teachers in 2001, arguing that past policies had discriminated against women and aboriginals.","The justification for affirmative action is that it helps to compensate for past discrimination, persecution or exploitation by the ruling class of a culture,[REF] and to address existing discrimination [REF].","As historian Roger Wilkins has pointed out, Blacks have a 375-year history on this continent: 245 involving slavery, 100 involving legalized discrimination, and only 30 involving anything else (Wilkins, 1995). Jews and Asians, on the other hand, have immigrated to North America—often as doctors, lawyers, professors, entrepreneurs, and so forth. Moreover, European Jews are able to function as part of the White majority. To expect Blacks to show the same upward mobility as Jews and Asians is to deny the historical and social reality that Black people face.",We should end affirmative action,https://en.wikipedia.org/wiki/Stanley_Elkins,https://en.wikipedia.org/wiki/Affirmative_action_bake_sale,"https://en.wikipedia.org/wiki/Reform_Party_of_Canada_candidates,_1993_Canadian_federal_election",https://en.wikipedia.org/wiki/Affirmative_action,https://www.usf.edu/compliance-ethics/equal-opportunity/ten-myths-about-affirmative-action.aspx,Affirmative action is necessary to compensate for the past,-1,1.0
kp_15_5,evi_15_55,evi_15_56,evi_15_57,evi_15_45,,Affirmative action is a shallow solution to a much deeper issue in the American education system. We are failing a larger demographic of students who deserve the same educational opportunities as everyone else.,"While this system may seem helpful at diversifying campuses on the surface, it is simply putting a Band-Aid on systematic issues.","Affirmative action is peak performative activism, as it focuses on making schools look more appealing than actually making sure marginalized communities are getting equal opportunities.","This agenda is celebrated on the backs of Asian-American students. Students for Fair Admissions Inc. is in the process of suing Harvard University, alleging that the university caps the number of admissions for Asian American students. Race-blind admission testing would allow the students, with top test scores in the country, a place at a prestigious university. Instead, they are marked down on “personality trait” testing, in which they coincidentally and consistently score low.",,We should end affirmative action,https://www.thecrimson.com/article/2022/11/3/gabeau-affirmative-action/,https://www.statepress.com/article/2021/02/spopinon-affrimative-action-is-not-the-way-to-end-discrimination,https://www.statepress.com/article/2021/02/spopinon-affrimative-action-is-not-the-way-to-end-discrimination,https://dailyiowan.com/2018/07/18/jaimes-affirmative-action-perpetuates-racism/,,Affirmative action is not just,1,1.0
kp_15_6,evi_15_59,evi_15_60,evi_15_61,evi_15_62,evi_15_63,"Opponents,[REF] who sometimes say that affirmative action is 'reverse discrimination', further claim that affirmative action has undesirable side-effects in addition to failing to achieve its goals.","In Sweden, the Supreme Court has ruled that 'affirmative action' ethnic quotas in universities are discrimination and hence unlawful.","Some policies adopted as affirmative action, such as racial quotas or gender quotas for collegiate admission, have been criticised as a form of reverse discrimination, and such implementation of affirmative action has been ruled unconstitutional by the majority opinion of Gratz v. Bollinger.","Hardin's last book The Ostrich Factor: Our Population Myopia (1999), a warning about the threat of overpopulation to the Earth's sustainable economic future, called for coercive constraints on 'unqualified reproductive rights' and argued that affirmative action is a form of racism.","Students for Fair Admissions Inc. is in the process of suing Harvard University, alleging that the university caps the number of admissions for Asian American students. Race-blind admission testing would allow the students, with top test scores in the country, a place at a prestigious university. Instead, they are marked down on “personality trait” testing, in which they coincidentally and consistently score low.",We should end affirmative action,https://en.wikipedia.org/wiki/Affirmative_action,https://en.wikipedia.org/wiki/Affirmative_action,https://en.wikipedia.org/wiki/Affirmative_action_in_the_United_States,https://en.wikipedia.org/wiki/Garrett_Hardin,https://dailyiowan.com/2018/07/18/jaimes-affirmative-action-perpetuates-racism/,Affirmative action perpetuates prejudice,1,1.0
kp_15_2,evi_15_33,evi_15_34,evi_15_35,evi_15_36,evi_15_37,"Historically and internationally, support for affirmative action has sought to achieve a range of goals: bridging inequalities in employment and pay; increasing access to education; enriching state, institutional, and professional leadership with the full spectrum of society; redressing apparent past wrongs, harms, or hindrances, in particular addressing the apparent social imbalance left in the wake of slavery and slave laws.",The government claimed that this was an affirmative action scheme to assist geographically disadvantaged students to gain tertiary education.,"Affirmative action - provide positive preferential treatment in allotment of jobs and access to higher education, as a means to accelerate the integration of the SCs and STs with mainstream society.","Similarly, Johnson v. Transportation Agency 480 U.S. 616 (1987), upheld a voluntary affirmative action plan to correct a 'manifest imbalance' demonstrated by statistical evidence in the representation of minorities and women in traditionally segregated job categories.","Wesolowski supported affirmative action programs for Saskatoon Catholic teachers in 2001, arguing that past policies had discriminated against women and aboriginals.",We should end affirmative action,https://en.wikipedia.org/wiki/Affirmative_action,https://en.wikipedia.org/wiki/Tamil_Eelam,https://en.wikipedia.org/wiki/Scheduled_castes_and_scheduled_tribes,https://en.wikipedia.org/wiki/Male_privilege,"https://en.wikipedia.org/wiki/Reform_Party_of_Canada_candidates,_1993_Canadian_federal_election",Affirmative action reduces discrimination,-1,1.0
kp_15_7,evi_15_67,evi_15_68,evi_15_45,evi_15_69,evi_15_70,"Williams believes programs such as affirmative action and minimum wage laws set up to aide minorities have, in fact, been harmful to them and stifled their ability to advance in society.",Some opponents[REF] further claim that affirmative action has undesirable side-effects and that it fails to achieve its goals.,"This agenda is celebrated on the backs of Asian-American students. Students for Fair Admissions Inc. is in the process of suing Harvard University, alleging that the university caps the number of admissions for Asian American students. Race-blind admission testing would allow the students, with top test scores in the country, a place at a prestigious university. Instead, they are marked down on “personality trait” testing, in which they coincidentally and consistently score low.","Almost 70% of white students graduate from higher education, compared to about 50% of Black and Latine students. This shows affirmative action isn't completely doing its job. Just because BIPOC students are getting into a university, doesn't necessarily mean they are being equipped with the tools they need to succeed in that university.","For example, according to data released by the University of Texas in connection with Fisher, the mean SAT scores (out of 2400) and mean high-school grade-point averages (on a 4.0 scale) varied widely by race for the entering class of 2009. For Asians, the numbers were 1991 and 3.07; whites were at 1914 and 3.04; Hispanics at 1794 and 2.83; and African-Americans at 1524 and 2.57. The SAT scores for the Asian students placed them in the 93rd percentile of 2009 SAT-takers nationwide; the African-American students, meanwhile, were at the 52nd percentile.",We should end affirmative action,https://en.wikipedia.org/wiki/Walter_E._Williams,https://en.wikipedia.org/wiki/Affirmative_action_in_the_United_States,https://dailyiowan.com/2018/07/18/jaimes-affirmative-action-perpetuates-racism/,https://www.statepress.com/article/2021/02/spopinon-affrimative-action-is-not-the-way-to-end-discrimination,https://www.nationalaffairs.com/publications/detail/the-sad-irony-of-affirmative-action,Affirmative action reduces quality,1,1.0
