key_point_id,evidence_id,evidence,topic,source,argument,stance,label
kp_4_0,evi_4_1,"A former student at Hershey High School (Hershey, PA), wrote in her May 31, 2009 oped titled “The Case for High School Uniforms,” published on PennLive.com: “Contrary to popular belief, uniforms do not stop students from being themselves. Uniforms do not silence voices. Students can wear a variety of expressive items, such as buttons or jewelry…",We should abandon the use of school uniform,https://school-uniforms.procon.org/should-students-have-to-wear-school-uniforms-pro-con-quotes/,Children can still express themselves using other means,-1,1.0
kp_4_8,evi_4_45,"As Tara Maginnis Ph.D. wrote “school uniforms send early-life messages to students that conformity is important and creativity is not, that authority is allowed to abuse its power and constrain our constitutional right to free speech and expression.",We should abandon the use of school uniform,https://novakdjokovicfoundation.org/school-uniforms-yes-or-no/,School uniform harms learning/creativity,1,1.0
kp_4_5,evi_4_28,One study carried out at Arizona State University confirmed this. It found that students from school without a school uniform policy had a higher self-perception than those from schools which forced students to wear uniforms.,We should abandon the use of school uniform,https://www.parlia.com/a/uniforms-negatively-affect-students-self-image,School uniform is harming the student's self expression,1,1.0
kp_4_1,evi_4_6,"The Department of Education (DofE) has found increasing evidence that schools which strictly enforce uniform policies experience fewer incidences of bullying, as potential bullies find it harder to identify their targets, who often are those children who do not fit in.",We should abandon the use of school uniform,https://price-buckland.co.uk/blog/does-uniform-really-help-reduce-bullying/,School uniform reduces bullying,-1,1.0
kp_4_6,evi_4_33,"School uniforms can seem like an added expense for families already struggling due to the increasing costs of bills and essential items. With the news that families could find themselves £1,200 worse off each year.",We should abandon the use of school uniform,https://www.liverpoolecho.co.uk/news/cost-of-living/are-school-uniforms-too-expensive-24579779,School uniforms are expensive,1,1.0
kp_4_7,evi_4_43,"According to a recent GLSEN study, 19 percent of LGBT students were prevented from wearing clothes that were thought to be from another gender and that number was even higher for transgender students, nearly 32 percent of whom have been prevented from wearing clothes that differed from those designated for their legal sex.",We should abandon the use of school uniform,https://www.theatlantic.com/education/archive/2015/10/school-dress-codes-are-problematic/410962/,School uniforms are often uncomfortable/sexist,1,1.0
kp_4_4,evi_4_23,"Uniforms not only unify students’ appearances, but they also create a sense of unity in terms of community. A student in a uniform feels they belong to their school and that their school belongs to them. They boost school pride and spirit.",We should abandon the use of school uniform,https://evolutionuniforms.com/threads-of-unity-5-benefits-of-school-uniforms/,School uniforms create a sense of equality/unity,-1,1.0
kp_4_2,evi_4_11,Students in uniform are more focused in their academics which also helps to minimise disciplinary problems. With a uniform policy teachers can spend more time teaching in the classrooms rather than keeping a check on students if they are dressed appropriately or not.,We should abandon the use of school uniform,"https://academiamag.com/school-uniforms-can-improve-discipline-in-the-students/#:~:text=Students%20in%20uniform%20are%20more,are%20dressed%20appropriately%20or%20not.",School uniforms encourage discipline or focus on learning,-1,1.0
kp_4_9,evi_4_54,"Research has shown that getting to dress themselves in what they want not only encourages independent thinking in kids and teens, but it also prepares them for adulthood when they have to learn to adapt to shifting social standards and contexts—skills that will serve them well as adults. When they prepare for their first college visits, job interviews, internships or promotions, they will need to know how to make appropriate choices.",We should abandon the use of school uniform,https://www.herfamily.ie/opinion/time-ditch-school-uniforms-yet-414456,School uniforms increase conformity or harm individuality,1,1.0
kp_4_3,evi_4_18,"According to recent NY Post article, most parents responded that they spent $48 on pants for their children and that $30 was a reasonable price for a T-shirt. Using those figures, the average American family is encountering a figure approaching, and in some cases surpassing, $300 per child for back-to-school clothing. Contrast that figure with the cost of a year's worth of school uniforms:one year (five tops and five bottoms) of school uniform or standardized dress code clothing is $150. Therefore families can save at least $150 per child on back-to-school clothes!If these savings are applied over a 12-year career, each child could save $1800! These savings are more than enough to help students prepare for college expenses, when money is tight due to rising tuition costs.",We should abandon the use of school uniform,https://shop.catholicsupply.com/blog/How-School-Uniforms-Save-Money,School uniforms saves costs,-1,1.0
kp_7_4,evi_7_27,A study published in the American Journal of Public Health found that “legal purchase of a handgun appears to be associated with a long-lasting increased risk of violent death”,We should abolish the right to keep and bear arms,https://gun-control.procon.org/,Banning guns would save lives,1,1.0
kp_7_0,evi_7_0,Criminals overwhelmingly obtain their firearms through illegal channels and will never be deterred by state and federal laws.  A 2016 Obama administration study by the Bureau of Justice Statistics examined how prison inmates obtained the firearms they used during crimes — and the results weren’t surprising. The study found that only about 10.1% obtained their firearms through a retail source.,We should abolish the right to keep and bear arms,https://www.nraila.org/why-gun-control-doesn-t-work/,Gun control is ineffective,-1,1.0
kp_7_7,evi_7_57,"A 1993 study published in The New England Journal of Medicine found that '[r]ather than confer protection, guns kept in the home are associated with an increase in the risk of homicide by a family member or intimate acquaintance.'",We should abolish the right to keep and bear arms,https://gun-control.procon.org/,Gun ownership allows for mass-shootings/general gun violence,1,1.0
kp_7_1,evi_7_7,"The U.S. Supreme Court revisited the issue in the case of District of Columbia v. Heller, 478 F.3d 370. The plaintiff in Heller challenged the constitutionality of a Washington D.C. law which prohibited the possession of handguns. In a 5-4 decision, the Court struck down the D.C. handgun ban as violative of that right. The Court meticulously detailed the history and tradition of the Second Amendment at the time of the Constitutional Convention and proclaimed that the Second Amendment established an individual right for U.S. citizens to possess firearms.",We should abolish the right to keep and bear arms,https://www.law.cornell.edu/wex/second_amendment,Gun ownership is a right,-1,1.0
kp_7_2,evi_7_15,"According to data from 2016, approximately 10 million people used firearms for hunting, more than 50 percent of all hunters participated in target shooting, and 22 percent of hunters visited shooting ranges (U.S. Fish and Wildlife Service, 2018).",We should abolish the right to keep and bear arms,https://www.rand.org/research/gun-policy/analysis/hunting-and-recreation.html,Gun ownership is necessary for hunting/sports-shooting,-1,1.0
kp_7_3,evi_7_24,"In a Gallup survey conducted in August 2019, gun owners were most likely to cite personal safety or protection as the reason they own a firearm. Roughly six-in-ten (63%) said this in an open-ended question.",We should abolish the right to keep and bear arms,https://www.pewresearch.org/fact-tank/2021/09/13/key-facts-about-americans-and-guns/,Gun ownership promotes self protection,-1,1.0
kp_7_5,evi_7_44,"One of the worst recent examples was the massacre in a Sutherland Springs, Texas, church last November, in which 26 people were killed by a man whose domestic violence conviction should have barred him from buying guns.",We should abolish the right to keep and bear arms,https://www.npr.org/2018/01/26/580143957/what-it-takes-to-get-guns-out-of-the-wrong-hands,Guns can fall into the wrong hands,1,1.0
kp_7_6,evi_7_49,"Accidental gun deaths occur mainly to those under 25 years old. So far in 2022, 209 children (age 0-17) have died by gunshot and an additional 519 were injured. Adolescents are particularly susceptible to accidental shootings due to specific behavioral characteristics associated with adolescence, such as impulsivity, feelings of invincibility, and curiosity about firearms.",We should abolish the right to keep and bear arms,https://www.aftermath.com/content/accidental-shooting-deaths-statistics/,Guns lead to accidental deaths,1,1.0
kp_8_0,evi_8_1,"Nationally, local authority budgets were cut by nearly a third from 2010 to 2018, according to the UK National Audit Office and the public health grant fell by £700m in real terms between 2014/15 and 2019/20, as revealed by a Health Foundation report. Across society a decade was defined by the destruction of a safety net built over many years. From the closure of Sure Start centres and libraries to the crumbling estates and rocketing vacancy lists of NHS organisations – few public services were left unscathed.",We should adopt an austerity regime,https://www.bma.org.uk/news-and-opinion/austerity-covid-s-little-helper,Austerity cuts access to essential services,-1,1.0
kp_8_1,evi_8_8,The use of austerity measures during times of economic hardship has caused much controversy about their purpose and usefulness. Many economists have pointed out that the measures have contractionary effects and usually exacerbate ongoing economic recessions.,We should adopt an austerity regime,https://www.britannica.com/topic/austerity,Austerity extend recessions,-1,1.0
kp_8_5,evi_8_36,"More recently, supporters of austerity argue that the rebound in economic growth in Latvia and Estonia show that countries who pursue fiscal austerity can overcome their problems. (e.g. Latvia showed fast growth of 5.1% in past 12 months at Q1 2012)",We should adopt an austerity regime,https://www.economicshelp.org/blog/5366/economics/austerity-pros-and-cons/,Austerity improves the economic measures,1,1.0
kp_8_6,evi_8_41,"Cutting budget deficits will give investors greater confidence about the long-term performance of the economy. Lower debt levels will encourage the private sector to invest. In 2012, the EU commission produced a report saying that austerity measures are working to reduce budget deficits. José Manuel Barroso, the commission president, said: ‘I can say the medicine is beginning to work’ (Economist). The EU point to falling deficits in countries such as Estonia, Finland, Luxembourg and Sweden. Hungary has also improved its fiscal position.",We should adopt an austerity regime,https://www.economicshelp.org/blog/5366/economics/austerity-pros-and-cons/,Austerity is important in the long term,1,1.0
kp_8_7,evi_8_46,"Morocco was a heavily indebted country in the 1980s. Austerity measures and promarket reforms have been credited with positive outcomes, including economic stability, steady growth at low inflation rates, and a gradual fall in unemployment.",We should adopt an austerity regime,https://www.sciencedirect.com/topics/social-sciences/austerity,Austerity is important to increase stability,1,1.0
kp_8_8,evi_8_51,"That's the tipping point, according to a study by the World Bank. It found that if the debt-to-GDP ratio exceeds 77% for an extended period of time, it slows economic growth. Every percentage point of debt above this level costs the country 1.7% in economic growth.",We should adopt an austerity regime,https://www.thebalancemoney.com/austerity-measures-definition-examples-do-they-work-3306285,Austerity is necessary to reduce deficits or pay debts,1,1.0
kp_8_2,evi_8_14,"Philip Alston, the UN’s rapporteur on extreme poverty and human rights, ended a two-week fact-finding mission to the UK with a stinging declaration that levels of child poverty were “not just a disgrace, but a social calamity and an economic disaster”, even though the UK is the world’s fifth largest economy,",We should adopt an austerity regime,https://www.theguardian.com/society/2018/nov/16/uk-austerity-has-inflicted-great-misery-on-citizens-un-says,Austerity is unfair to the citizens,-1,1.0
kp_8_9,evi_8_60,"For example, the global economic downturn that began in 2008 left many governments with reduced tax revenues and exposed what some believed were unsustainable spending levels. Several European countries, including the United Kingdom, Greece, and Spain, turned to austerity as a way to alleviate budget concerns.",We should adopt an austerity regime,https://www.investopedia.com/terms/a/austerity.asp,Austerity regime is essential in economically troubled times,1,1.0
kp_8_3,evi_8_24,"In exchange for bailouts, the EU and European Central Bank (ECB) embarked on an austerity program that sought to bring Greece's finances under control. Greece's deficit has dramatically decreased, but the country's austerity program has been a disaster in terms of healing the economy.",We should adopt an austerity regime,https://www.investopedia.com/terms/a/austerity.asp,Austerity results in lower growth,-1,1.0
kp_8_4,evi_8_33,"Alessandro Turrini finds that contrary to expectations, austerity policies may have been responsible for creating more unemployment in countries with stronger employment protection legislation. One potential reason for this is that while countries with more regulated labour markets have not experienced as many redundancies from austerity, they have also had far lower job creation levels.",We should adopt an austerity regime,,Austerity results in lower job creation,-1,1.0
kp_15_0,evi_15_2,"For example, one study found that students of color experience a 23 percentage point decline in likelihood of admission to highly selective public colleges after an affirmative action ban goes into effect.",We should end affirmative action,https://www.americanprogress.org/article/5-reasons-support-affirmative-action-college-admissions/,Affirmative action boosts diversity,-1,1.0
kp_15_3,evi_15_40,"Some opponents believe, among other things, that affirmative action devalues the accomplishments of people who belong to a group it's supposed to help, therefore making affirmative action counter-productive.",We should end affirmative action,https://en.wikipedia.org/wiki/Affirmative_action_in_the_United_States,Affirmative action diminishes the achievements of minorities,1,1.0
kp_15_4,evi_15_46,In 2010 Arizona voters passed a constitutional ban on government-sponsored affirmative action known as Proposition 107 [REF].,We should end affirmative action,https://en.wikipedia.org/wiki/Affirmative_action_in_the_United_States,Affirmative action is ineffective,1,1.0
kp_15_1,evi_15_14,"Affirmative action itself has been defined as 'any measure, beyond simple termination of a discriminatory practice, adopted to correct or compensate for past or present discrimination or to prevent discrimination from recurring in the future.' (U.S. Commission on Civil Rights, Statement on Affirmative Action, October 1977.)",We should end affirmative action,https://www.aaaed.org/aaaed/About_Affirmative_Action__Diversity_and_Inclusion.asp,Affirmative action is necessary to compensate for the past,-1,1.0
kp_15_5,evi_15_45,"This agenda is celebrated on the backs of Asian-American students. Students for Fair Admissions Inc. is in the process of suing Harvard University, alleging that the university caps the number of admissions for Asian American students. Race-blind admission testing would allow the students, with top test scores in the country, a place at a prestigious university. Instead, they are marked down on “personality trait” testing, in which they coincidentally and consistently score low.",We should end affirmative action,https://dailyiowan.com/2018/07/18/jaimes-affirmative-action-perpetuates-racism/,Affirmative action is not just,1,1.0
kp_15_6,evi_15_59,"Opponents,[REF] who sometimes say that affirmative action is 'reverse discrimination', further claim that affirmative action has undesirable side-effects in addition to failing to achieve its goals.",We should end affirmative action,https://en.wikipedia.org/wiki/Affirmative_action,Affirmative action perpetuates prejudice,1,1.0
kp_15_2,evi_15_36,"Similarly, Johnson v. Transportation Agency 480 U.S. 616 (1987), upheld a voluntary affirmative action plan to correct a 'manifest imbalance' demonstrated by statistical evidence in the representation of minorities and women in traditionally segregated job categories.",We should end affirmative action,https://en.wikipedia.org/wiki/Male_privilege,Affirmative action reduces discrimination,-1,1.0
kp_15_7,evi_15_65,"Clint Bolick, JD, Director of the Goldwater Institute, mentioned : 'When blacks and Hispanics flunk examinations, the cause is less likely to be discrimination than the appalling educational conditions to which most economically disadvantaged black and Hispanic children are consigned. ‘Affirmative action’ programs that leap-frog less-qualified minorities over more-qualified non-minorities sweep those systemic problems under the carpet. As such, race-based affirmative action programs perpetuate fraud upon the very groups they are designed to help.'",We should end affirmative action,https://aclu.procon.org/questions/does-the-us-need-affirmative-action/,Affirmative action reduces quality,1,1.0
